"0","recursive_mapbox=function(){
  df_filtered <- df %>%
    anti_join(lat_longs_mapbox, by = ""person_id"")
  
  df_filtered=df_filtered %>% mutate(rr=runif(1:n()))  %>% arrange(rr) %>% select(-rr)
  
  some_addresses=df_filtered %>% head(50000)
  print(nrow(df_filtered))
  lat_longs_mapbox2 <- some_addresses %>%
    geocode(person_address, method = 'mapbox', lat = latitude , long = longitude)
  
  
  lat_longs_mapbox_new=lat_longs_mapbox %>% bind_rows(lat_longs_mapbox2)
  return(lat_longs_mapbox_new)
}

#lat_longs_mapbox=lat_longs_mapbox_new  %>% distinct()
#lat_longs_mapbox=lat_longs_mapbox  %>% distinct() %>% select(-rr)


write_parquet(df,paste0(localbig,""\\data\\lat_longs_mapbox.parquet""))
lat_longs_mapbox=recursive_mapbox()
"
"1","[1]"
"1"," 22052788"
"1","
"
"2","Passing 36,039 addresses to the Mapbox single address geocoder
"
"2","Warning in query_api(api_url, api_query_parameters, method = method) :"
"2","
 "
"2"," Unprocessable Entity (WebDAV; RFC 4918) (HTTP 422).
"
"2","Error: Query too long - 24/20 tokens
"
"2","Warning in query_api(api_url, api_query_parameters, method = method) :"
"2","
 "
"2"," Not Found (HTTP 404).
"
"2","Error: Not Found
"
"2","Warning in query_api(api_url, api_query_parameters, method = method) :"
"2","
 "
"2"," Unprocessable Entity (WebDAV; RFC 4918) (HTTP 422).
"
"2","Error: Query too long - 24/20 tokens
"
"2","Warning in query_api(api_url, api_query_parameters, method = method) :"
"2","
 "
"2"," Unprocessable Entity (WebDAV; RFC 4918) (HTTP 422).
"
"2","Error: Query too long - 22/20 tokens
"
"2","Warning in query_api(api_url, api_query_parameters, method = method) :"
"2","
 "
"2"," Not Found (HTTP 404).
"
"2","Error: Not Found
"
"2","Warning in query_api(api_url, api_query_parameters, method = method) :"
"2","
 "
"2"," Unprocessable Entity (WebDAV; RFC 4918) (HTTP 422).
"
"2","Error: Query too long - 29/20 tokens
"
"2","Warning in query_api(api_url, api_query_parameters, method = method) :"
"2","
 "
"2"," Unprocessable Entity (WebDAV; RFC 4918) (HTTP 422).
"
"2","Error: Query too long - 21/20 tokens
"
"2","Warning in query_api(api_url, api_query_parameters, method = method) :"
"2","
 "
"2"," Not Found (HTTP 404).
"
"2","Error: Not Found
"
"2","Warning in query_api(api_url, api_query_parameters, method = method) :"
"2","
 "
"2"," Unprocessable Entity (WebDAV; RFC 4918) (HTTP 422).
"
"2","Error: Query too long - 21/20 tokens
"
"2","Warning in query_api(api_url, api_query_parameters, method = method) :"
"2","
 "
"2"," Unprocessable Entity (WebDAV; RFC 4918) (HTTP 422).
"
"2","Error: Query too long - 25/20 tokens
"
"2","Warning in query_api(api_url, api_query_parameters, method = method) :"
"2","
 "
"2"," Unprocessable Entity (WebDAV; RFC 4918) (HTTP 422).
"
"2","Error: Query too long - 22/20 tokens
"
"2","Warning in query_api(api_url, api_query_parameters, method = method) :"
"2","
 "
"2"," Not Found (HTTP 404).
"
"2","Error: Not Found
"
"2","Warning in query_api(api_url, api_query_parameters, method = method) :"
"2","
 "
"2"," Unprocessable Entity (WebDAV; RFC 4918) (HTTP 422).
"
"2","Error: Query too long - 22/20 tokens
"
"2","Warning in query_api(api_url, api_query_parameters, method = method) :"
"2","
 "
"2"," Unprocessable Entity (WebDAV; RFC 4918) (HTTP 422).
"
"2","Error: Query too long - 24/20 tokens
"
"2","Warning in query_api(api_url, api_query_parameters, method = method) :"
"2","
 "
"2"," Not Found (HTTP 404).
"
"2","Error: Not Found
"
"2","Warning in query_api(api_url, api_query_parameters, method = method) :"
"2","
 "
"2"," Unprocessable Entity (WebDAV; RFC 4918) (HTTP 422).
"
"2","Error: Query too long - 21/20 tokens
"
"2","Warning in query_api(api_url, api_query_parameters, method = method) :"
"2","
 "
"2"," Unprocessable Entity (WebDAV; RFC 4918) (HTTP 422).
"
"2","Error: Query too long - 22/20 tokens
"
"2","Warning in query_api(api_url, api_query_parameters, method = method) :"
"2","
 "
"2"," Unprocessable Entity (WebDAV; RFC 4918) (HTTP 422).
"
"2","Error: Query too long - 24/20 tokens
"
"2","Warning in query_api(api_url, api_query_parameters, method = method) :"
"2","
 "
"2"," Unprocessable Entity (WebDAV; RFC 4918) (HTTP 422).
"
"2","Error: Query too long - 22/20 tokens
"
"2","Warning in query_api(api_url, api_query_parameters, method = method) :"
"2","
 "
"2"," Unprocessable Entity (WebDAV; RFC 4918) (HTTP 422).
"
"2","Error: Query too long - 21/20 tokens
"
"2","Warning in query_api(api_url, api_query_parameters, method = method) :"
"2","
 "
"2"," Not Found (HTTP 404).
"
"2","Error: Not Found
"
"2","Warning in query_api(api_url, api_query_parameters, method = method) :"
"2","
 "
"2"," Unprocessable Entity (WebDAV; RFC 4918) (HTTP 422).
"
"2","Error: Query too long - 23/20 tokens
"
"2","Warning in query_api(api_url, api_query_parameters, method = method) :"
"2","
 "
"2"," Not Found (HTTP 404).
"
"2","Error: Not Found
"
"2","Warning in query_api(api_url, api_query_parameters, method = method) :"
"2","
 "
"2"," Unprocessable Entity (WebDAV; RFC 4918) (HTTP 422).
"
"2","Error: Query too long - 22/20 tokens
"
"2","Warning in query_api(api_url, api_query_parameters, method = method) :"
"2","
 "
"2"," Not Found (HTTP 404).
"
"2","Error: Not Found
"
"2","Warning in query_api(api_url, api_query_parameters, method = method) :"
"2","
 "
"2"," Unprocessable Entity (WebDAV; RFC 4918) (HTTP 422).
"
"2","Error: Query too long - 22/20 tokens
"
"2","Warning in query_api(api_url, api_query_parameters, method = method) :"
"2","
 "
"2"," Unprocessable Entity (WebDAV; RFC 4918) (HTTP 422).
"
"2","Error: Query too long - 26/20 tokens
"
"2","Warning in query_api(api_url, api_query_parameters, method = method) :"
"2","
 "
"2"," Unprocessable Entity (WebDAV; RFC 4918) (HTTP 422).
"
"2","Error: Query too long - 23/20 tokens
"
"2","Warning in query_api(api_url, api_query_parameters, method = method) :"
"2","
 "
"2"," Unprocessable Entity (WebDAV; RFC 4918) (HTTP 422).
"
"2","Error: Query too long - 21/20 tokens
"
"2","Warning in query_api(api_url, api_query_parameters, method = method) :"
"2","
 "
"2"," Not Found (HTTP 404).
"
"2","Error: Not Found
"
"2","Warning in query_api(api_url, api_query_parameters, method = method) :"
"2","
 "
"2"," Unprocessable Entity (WebDAV; RFC 4918) (HTTP 422).
"
"2","Error: Query too long - 21/20 tokens
"
"2","Warning in query_api(api_url, api_query_parameters, method = method) :"
"2","
 "
"2"," Unprocessable Entity (WebDAV; RFC 4918) (HTTP 422).
"
"2","Error: Query too long - 24/20 tokens
"
"2","Warning in query_api(api_url, api_query_parameters, method = method) :"
"2","
 "
"2"," Not Found (HTTP 404).
"
"2","Error: Not Found
"
"2","Warning in query_api(api_url, api_query_parameters, method = method) :"
"2","
 "
"2"," Unprocessable Entity (WebDAV; RFC 4918) (HTTP 422).
"
"2","Error: Query too long - 22/20 tokens
"
"2","Warning in query_api(api_url, api_query_parameters, method = method) :"
"2","
 "
"2"," Not Found (HTTP 404).
"
"2","Error: Not Found
"
"2","Warning in query_api(api_url, api_query_parameters, method = method) :"
"2","
 "
"2"," Unprocessable Entity (WebDAV; RFC 4918) (HTTP 422).
"
"2","Error: Query too long - 21/20 tokens
"
"2","Warning in query_api(api_url, api_query_parameters, method = method) :"
"2","
 "
"2"," Unprocessable Entity (WebDAV; RFC 4918) (HTTP 422).
"
"2","Error: Query too long - 21/20 tokens
"
"2","Warning in query_api(api_url, api_query_parameters, method = method) :"
"2","
 "
"2"," Unprocessable Entity (WebDAV; RFC 4918) (HTTP 422).
"
"2","Error: Query too long - 25/20 tokens
"
"2","Warning in query_api(api_url, api_query_parameters, method = method) :"
"2","
 "
"2"," Not Found (HTTP 404).
"
"2","Error: Not Found
"
"2","Warning in query_api(api_url, api_query_parameters, method = method) :"
"2","
 "
"2"," Not Found (HTTP 404).
"
"2","Error: Not Found
"
"2","Warning in query_api(api_url, api_query_parameters, method = method) :"
"2","
 "
"2"," Unprocessable Entity (WebDAV; RFC 4918) (HTTP 422).
"
"2","Error: Query too long - 26/20 tokens
"
"2","Warning in query_api(api_url, api_query_parameters, method = method) :"
"2","
 "
"2"," Not Found (HTTP 404).
"
"2","Error: Not Found
"
"2","Warning in query_api(api_url, api_query_parameters, method = method) :"
"2","
 "
"2"," Not Found (HTTP 404).
"
"2","Error: Not Found
"
"2","Warning in query_api(api_url, api_query_parameters, method = method) :"
"2","
 "
"2"," Not Found (HTTP 404).
"
"2","Error: Not Found
"
"2","Warning in query_api(api_url, api_query_parameters, method = method) :"
"2","
 "
"2"," Unprocessable Entity (WebDAV; RFC 4918) (HTTP 422).
"
"2","Error: Query too long - 26/20 tokens
"
"2","Warning in query_api(api_url, api_query_parameters, method = method) :"
"2","
 "
"2"," Unprocessable Entity (WebDAV; RFC 4918) (HTTP 422).
"
"2","Error: Query too long - 22/20 tokens
"
"2","Warning in query_api(api_url, api_query_parameters, method = method) :"
"2","
 "
"2"," Unprocessable Entity (WebDAV; RFC 4918) (HTTP 422).
"
"2","Error: Query too long - 21/20 tokens
"
"2","Warning in query_api(api_url, api_query_parameters, method = method) :"
"2","
 "
"2"," Not Found (HTTP 404).
"
"2","Error: Not Found
"
"2","Warning in query_api(api_url, api_query_parameters, method = method) :"
"2","
 "
"2"," Not Found (HTTP 404).
"
"2","Error: Not Found
"
"2","Warning in query_api(api_url, api_query_parameters, method = method) :"
"2","
 "
"2"," Unprocessable Entity (WebDAV; RFC 4918) (HTTP 422).
"
"2","Error: Query too long - 21/20 tokens
"
"2","Warning in query_api(api_url, api_query_parameters, method = method) :"
"2","
 "
"2"," Unprocessable Entity (WebDAV; RFC 4918) (HTTP 422).
"
"2","Error: Query too long - 22/20 tokens
"
"2","Warning in query_api(api_url, api_query_parameters, method = method) :"
"2","
 "
"2"," Unprocessable Entity (WebDAV; RFC 4918) (HTTP 422).
"
"2","Error: Query too long - 21/20 tokens
"
"2","Warning in query_api(api_url, api_query_parameters, method = method) :"
"2","
 "
"2"," Unprocessable Entity (WebDAV; RFC 4918) (HTTP 422).
"
"2","Error: Query too long - 23/20 tokens
"
"2","Warning in query_api(api_url, api_query_parameters, method = method) :"
"2","
 "
"2"," Not Found (HTTP 404).
"
"2","Error: Not Found
"
"2","Warning in query_api(api_url, api_query_parameters, method = method) :"
"2","
 "
"2"," Not Found (HTTP 404).
"
"2","Error: Not Found
"
"2","Warning in query_api(api_url, api_query_parameters, method = method) :"
"2","
 "
"2"," Not Found (HTTP 404).
"
"2","Error: Not Found
"
"2","Warning in query_api(api_url, api_query_parameters, method = method) :"
"2","
 "
"2"," Unprocessable Entity (WebDAV; RFC 4918) (HTTP 422).
"
"2","Error: Query too long - 21/20 tokens
"
"2","Warning in query_api(api_url, api_query_parameters, method = method) :"
"2","
 "
"2"," Not Found (HTTP 404).
"
"2","Error: Not Found
"
"2","Warning in query_api(api_url, api_query_parameters, method = method) :"
"2","
 "
"2"," Unprocessable Entity (WebDAV; RFC 4918) (HTTP 422).
"
"2","Error: Query too long - 22/20 tokens
"
"2","Warning in query_api(api_url, api_query_parameters, method = method) :"
"2","
 "
"2"," Unprocessable Entity (WebDAV; RFC 4918) (HTTP 422).
"
"2","Error: Query too long - 26/20 tokens
"
"2","Warning in query_api(api_url, api_query_parameters, method = method) :"
"2","
 "
"2"," Unprocessable Entity (WebDAV; RFC 4918) (HTTP 422).
"
"2","Error: Query too long - 26/20 tokens
"
"2","Warning in query_api(api_url, api_query_parameters, method = method) :"
"2","
 "
"2"," Not Found (HTTP 404).
"
"2","Error: Not Found
"
"2","Warning in query_api(api_url, api_query_parameters, method = method) :"
"2","
 "
"2"," Unprocessable Entity (WebDAV; RFC 4918) (HTTP 422).
"
"2","Error: Query too long - 21/20 tokens
"
"2","Warning in query_api(api_url, api_query_parameters, method = method) :"
"2","
 "
"2"," Unprocessable Entity (WebDAV; RFC 4918) (HTTP 422).
"
"2","Error: Query too long - 28/20 tokens
"
"2","Warning in query_api(api_url, api_query_parameters, method = method) :"
"2","
 "
"2"," Not Found (HTTP 404).
"
"2","Error: Not Found
"
"2","Warning in query_api(api_url, api_query_parameters, method = method) :"
"2","
 "
"2"," Unprocessable Entity (WebDAV; RFC 4918) (HTTP 422).
"
"2","Error: Query too long - 23/20 tokens
"
"2","Warning in query_api(api_url, api_query_parameters, method = method) :"
"2","
 "
"2"," Unprocessable Entity (WebDAV; RFC 4918) (HTTP 422).
"
"2","Error: Query too long - 22/20 tokens
"
"2","Warning in query_api(api_url, api_query_parameters, method = method) :"
"2","
 "
"2"," Not Found (HTTP 404).
"
"2","Error: Not Found
"
"2","Warning in query_api(api_url, api_query_parameters, method = method) :"
"2","
 "
"2"," Not Found (HTTP 404).
"
"2","Error: Not Found
"
"2","Warning in query_api(api_url, api_query_parameters, method = method) :"
"2","
 "
"2"," Unprocessable Entity (WebDAV; RFC 4918) (HTTP 422).
"
"2","Error: Query too long - 22/20 tokens
"
"2","Warning in query_api(api_url, api_query_parameters, method = method) :"
"2","
 "
"2"," Unprocessable Entity (WebDAV; RFC 4918) (HTTP 422).
"
"2","Error: Query too long - 21/20 tokens
"
"2","Warning in query_api(api_url, api_query_parameters, method = method) :"
"2","
 "
"2"," Not Found (HTTP 404).
"
"2","Error: Not Found
"
"2","Warning in query_api(api_url, api_query_parameters, method = method) :"
"2","
 "
"2"," Unprocessable Entity (WebDAV; RFC 4918) (HTTP 422).
"
"2","Error: Query too long - 22/20 tokens
"
"2","Warning in query_api(api_url, api_query_parameters, method = method) :"
"2","
 "
"2"," Unprocessable Entity (WebDAV; RFC 4918) (HTTP 422).
"
"2","Error: Query too long - 22/20 tokens
"
"2","Warning in query_api(api_url, api_query_parameters, method = method) :"
"2","
 "
"2"," Unprocessable Entity (WebDAV; RFC 4918) (HTTP 422).
"
"2","Error: Query too long - 23/20 tokens
"
"2","Warning in query_api(api_url, api_query_parameters, method = method) :"
"2","
 "
"2"," Unprocessable Entity (WebDAV; RFC 4918) (HTTP 422).
"
"2","Error: Query too long - 23/20 tokens
"
"2","Warning in query_api(api_url, api_query_parameters, method = method) :"
"2","
 "
"2"," Not Found (HTTP 404).
"
"2","Error: Not Found
"
"2","Warning in query_api(api_url, api_query_parameters, method = method) :"
"2","
 "
"2"," Unprocessable Entity (WebDAV; RFC 4918) (HTTP 422).
"
"2","Error: Query too long - 29/20 tokens
"
"2","Warning in query_api(api_url, api_query_parameters, method = method) :"
"2","
 "
"2"," Unprocessable Entity (WebDAV; RFC 4918) (HTTP 422).
"
"2","Error: Query too long - 21/20 tokens
"
"2","Warning in query_api(api_url, api_query_parameters, method = method) :"
"2","
 "
"2"," Unprocessable Entity (WebDAV; RFC 4918) (HTTP 422).
"
"2","Error: Query too long - 22/20 tokens
"
"2","Warning in query_api(api_url, api_query_parameters, method = method) :"
"2","
 "
"2"," Unprocessable Entity (WebDAV; RFC 4918) (HTTP 422).
"
"2","Error: Query too long - 21/20 tokens
"
"2","Warning in query_api(api_url, api_query_parameters, method = method) :"
"2","
 "
"2"," Unprocessable Entity (WebDAV; RFC 4918) (HTTP 422).
"
"2","Error: Query too long - 22/20 tokens
"
"2","Warning in query_api(api_url, api_query_parameters, method = method) :"
"2","
 "
"2"," Unprocessable Entity (WebDAV; RFC 4918) (HTTP 422).
"
"2","Error: Query too long - 24/20 tokens
"
"2","Warning in query_api(api_url, api_query_parameters, method = method) :"
"2","
 "
"2"," Unprocessable Entity (WebDAV; RFC 4918) (HTTP 422).
"
"2","Error: Query too long - 22/20 tokens
"
"2","Warning in query_api(api_url, api_query_parameters, method = method) :"
"2","
 "
"2"," Unprocessable Entity (WebDAV; RFC 4918) (HTTP 422).
"
"2","Error: Query too long - 21/20 tokens
"
"2","Warning in query_api(api_url, api_query_parameters, method = method) :"
"2","
 "
"2"," Unprocessable Entity (WebDAV; RFC 4918) (HTTP 422).
"
"2","Error: Query too long - 25/20 tokens
"
"2","Warning in query_api(api_url, api_query_parameters, method = method) :"
"2","
 "
"2"," Unprocessable Entity (WebDAV; RFC 4918) (HTTP 422).
"
"2","Error: Query too long - 24/20 tokens
"
"2","Warning in query_api(api_url, api_query_parameters, method = method) :"
"2","
 "
"2"," Unprocessable Entity (WebDAV; RFC 4918) (HTTP 422).
"
"2","Error: Query too long - 22/20 tokens
"
"2","Warning in query_api(api_url, api_query_parameters, method = method) :"
"2","
 "
"2"," Unprocessable Entity (WebDAV; RFC 4918) (HTTP 422).
"
"2","Error: Query too long - 22/20 tokens
"
"2","Warning in query_api(api_url, api_query_parameters, method = method) :"
"2","
 "
"2"," Unprocessable Entity (WebDAV; RFC 4918) (HTTP 422).
"
"2","Error: Query too long - 22/20 tokens
"
"2","Warning in query_api(api_url, api_query_parameters, method = method) :"
"2","
 "
"2"," Not Found (HTTP 404).
"
"2","Error: Not Found
"
"2","Warning in query_api(api_url, api_query_parameters, method = method) :"
"2","
 "
"2"," Unprocessable Entity (WebDAV; RFC 4918) (HTTP 422).
"
"2","Error: Query too long - 22/20 tokens
"
"2","Warning in query_api(api_url, api_query_parameters, method = method) :"
"2","
 "
"2"," Not Found (HTTP 404).
"
"2","Error: Not Found
"
"2","Warning in query_api(api_url, api_query_parameters, method = method) :"
"2","
 "
"2"," Not Found (HTTP 404).
"
"2","Error: Not Found
"
"2","Warning in query_api(api_url, api_query_parameters, method = method) :"
"2","
 "
"2"," Not Found (HTTP 404).
"
"2","Error: Not Found
"
"2","Warning in query_api(api_url, api_query_parameters, method = method) :"
"2","
 "
"2"," Unprocessable Entity (WebDAV; RFC 4918) (HTTP 422).
"
"2","Error: Query too long - 21/20 tokens
"
"2","Warning in query_api(api_url, api_query_parameters, method = method) :"
"2","
 "
"2"," Unprocessable Entity (WebDAV; RFC 4918) (HTTP 422).
"
"2","Error: Query too long - 21/20 tokens
"
"2","Warning in query_api(api_url, api_query_parameters, method = method) :"
"2","
 "
"2"," Not Found (HTTP 404).
"
"2","Error: Not Found
"
"2","Warning in query_api(api_url, api_query_parameters, method = method) :"
"2","
 "
"2"," Unprocessable Entity (WebDAV; RFC 4918) (HTTP 422).
"
"2","Error: Query too long - 23/20 tokens
"
"2","Warning in query_api(api_url, api_query_parameters, method = method) :"
"2","
 "
"2"," Unprocessable Entity (WebDAV; RFC 4918) (HTTP 422).
"
"2","Error: Query too long - 21/20 tokens
"
"2","Warning in query_api(api_url, api_query_parameters, method = method) :"
"2","
 "
"2"," Not Found (HTTP 404).
"
"2","Error: Not Found
"
"2","Warning in query_api(api_url, api_query_parameters, method = method) :"
"2","
 "
"2"," Unprocessable Entity (WebDAV; RFC 4918) (HTTP 422).
"
"2","Error: Query too long - 21/20 tokens
"
"2","Warning in query_api(api_url, api_query_parameters, method = method) :"
"2","
 "
"2"," Unprocessable Entity (WebDAV; RFC 4918) (HTTP 422).
"
"2","Error: Query too long - 25/20 tokens
"
"2","Warning in query_api(api_url, api_query_parameters, method = method) :"
"2","
 "
"2"," Unprocessable Entity (WebDAV; RFC 4918) (HTTP 422).
"
"2","Error: Query too long - 21/20 tokens
"
"2","Warning in query_api(api_url, api_query_parameters, method = method) :"
"2","
 "
"2"," Unprocessable Entity (WebDAV; RFC 4918) (HTTP 422).
"
"2","Error: Query too long - 21/20 tokens
"
"2","Warning in query_api(api_url, api_query_parameters, method = method) :"
"2","
 "
"2"," Unprocessable Entity (WebDAV; RFC 4918) (HTTP 422).
"
"2","Error: Query too long - 22/20 tokens
"
"2","Warning in query_api(api_url, api_query_parameters, method = method) :"
"2","
 "
"2"," Not Found (HTTP 404).
"
"2","Error: Not Found
"
"2","Warning in query_api(api_url, api_query_parameters, method = method) :"
"2","
 "
"2"," Unprocessable Entity (WebDAV; RFC 4918) (HTTP 422).
"
"2","Error: Query too long - 24/20 tokens
"
"2","Warning in query_api(api_url, api_query_parameters, method = method) :"
"2","
 "
"2"," Unprocessable Entity (WebDAV; RFC 4918) (HTTP 422).
"
"2","Error: Query too long - 22/20 tokens
"
"2","Warning in query_api(api_url, api_query_parameters, method = method) :"
"2","
 "
"2"," Unprocessable Entity (WebDAV; RFC 4918) (HTTP 422).
"
"2","Error: Query too long - 25/20 tokens
"
"2","Warning in query_api(api_url, api_query_parameters, method = method) :"
"2","
 "
"2"," Unprocessable Entity (WebDAV; RFC 4918) (HTTP 422).
"
"2","Error: Query too long - 22/20 tokens
"
"2","Warning in query_api(api_url, api_query_parameters, method = method) :"
"2","
 "
"2"," Unprocessable Entity (WebDAV; RFC 4918) (HTTP 422).
"
"2","Error: Query too long - 21/20 tokens
"
"2","Warning in query_api(api_url, api_query_parameters, method = method) :"
"2","
 "
"2"," Unprocessable Entity (WebDAV; RFC 4918) (HTTP 422).
"
"2","Error: Query too long - 22/20 tokens
"
"2","Warning in query_api(api_url, api_query_parameters, method = method) :"
"2","
 "
"2"," Unprocessable Entity (WebDAV; RFC 4918) (HTTP 422).
"
"2","Error: Query too long - 22/20 tokens
"
"2","Warning in query_api(api_url, api_query_parameters, method = method) :"
"2","
 "
"2"," Unprocessable Entity (WebDAV; RFC 4918) (HTTP 422).
"
"2","Error: Query too long - 21/20 tokens
"
"2","Warning in query_api(api_url, api_query_parameters, method = method) :"
"2","
 "
"2"," Not Found (HTTP 404).
"
"2","Error: Not Found
"
"2","Warning in query_api(api_url, api_query_parameters, method = method) :"
"2","
 "
"2"," Unprocessable Entity (WebDAV; RFC 4918) (HTTP 422).
"
"2","Error: Query too long - 23/20 tokens
"
"2","Warning in query_api(api_url, api_query_parameters, method = method) :"
"2","
 "
"2"," Unprocessable Entity (WebDAV; RFC 4918) (HTTP 422).
"
"2","Error: Query too long - 26/20 tokens
"
"2","Warning in query_api(api_url, api_query_parameters, method = method) :"
"2","
 "
"2"," Unprocessable Entity (WebDAV; RFC 4918) (HTTP 422).
"
"2","Error: Query too long - 21/20 tokens
"
"2","Warning in query_api(api_url, api_query_parameters, method = method) :"
"2","
 "
"2"," Unprocessable Entity (WebDAV; RFC 4918) (HTTP 422).
"
"2","Error: Query too long - 22/20 tokens
"
"2","Warning in query_api(api_url, api_query_parameters, method = method) :"
"2","
 "
"2"," Not Found (HTTP 404).
"
"2","Error: Not Found
"
"2","Warning in query_api(api_url, api_query_parameters, method = method) :"
"2","
 "
"2"," Not Found (HTTP 404).
"
"2","Error: Not Found
"
"2","Warning in query_api(api_url, api_query_parameters, method = method) :"
"2","
 "
"2"," Not Found (HTTP 404).
"
"2","Error: Not Found
"
"2","Warning in query_api(api_url, api_query_parameters, method = method) :"
"2","
 "
"2"," Not Found (HTTP 404).
"
"2","Error: Not Found
"
"2","Warning in query_api(api_url, api_query_parameters, method = method) :"
"2","
 "
"2"," Not Found (HTTP 404).
"
"2","Error: Not Found
"
"2","Warning in query_api(api_url, api_query_parameters, method = method) :"
"2","
 "
"2"," Not Found (HTTP 404).
"
"2","Error: Not Found
"
"2","Warning in query_api(api_url, api_query_parameters, method = method) :"
"2","
 "
"2"," Unprocessable Entity (WebDAV; RFC 4918) (HTTP 422).
"
"2","Error: Query too long - 40/20 tokens
"
"2","Warning in query_api(api_url, api_query_parameters, method = method) :"
"2","
 "
"2"," Unprocessable Entity (WebDAV; RFC 4918) (HTTP 422).
"
"2","Error: Query too long - 26/20 tokens
"
"2","Warning in query_api(api_url, api_query_parameters, method = method) :"
"2","
 "
"2"," Not Found (HTTP 404).
"
"2","Error: Not Found
"
"2","Warning in query_api(api_url, api_query_parameters, method = method) :"
"2","
 "
"2"," Unprocessable Entity (WebDAV; RFC 4918) (HTTP 422).
"
"2","Error: Query too long - 21/20 tokens
"
"2","Warning in query_api(api_url, api_query_parameters, method = method) :"
"2","
 "
"2"," Unprocessable Entity (WebDAV; RFC 4918) (HTTP 422).
"
"2","Error: Query too long - 27/20 tokens
"
"2","Warning in query_api(api_url, api_query_parameters, method = method) :"
"2","
 "
"2"," Unprocessable Entity (WebDAV; RFC 4918) (HTTP 422).
"
"2","Error: Query too long - 21/20 tokens
"
"2","Warning in query_api(api_url, api_query_parameters, method = method) :"
"2","
 "
"2"," Unprocessable Entity (WebDAV; RFC 4918) (HTTP 422).
"
"2","Error: Query too long - 23/20 tokens
"
"2","Warning in query_api(api_url, api_query_parameters, method = method) :"
"2","
 "
"2"," Not Found (HTTP 404).
"
"2","Error: Not Found
"
"2","Warning in query_api(api_url, api_query_parameters, method = method) :"
"2","
 "
"2"," Unprocessable Entity (WebDAV; RFC 4918) (HTTP 422).
"
"2","Error: Query too long - 26/20 tokens
"
"2","Warning in query_api(api_url, api_query_parameters, method = method) :"
"2","
 "
"2"," Unprocessable Entity (WebDAV; RFC 4918) (HTTP 422).
"
"2","Error: Query too long - 22/20 tokens
"
"2","Warning in query_api(api_url, api_query_parameters, method = method) :"
"2","
 "
"2"," Unprocessable Entity (WebDAV; RFC 4918) (HTTP 422).
"
"2","Error: Query too long - 26/20 tokens
"
"2","Warning in query_api(api_url, api_query_parameters, method = method) :"
"2","
 "
"2"," Unprocessable Entity (WebDAV; RFC 4918) (HTTP 422).
"
"2","Error: Query too long - 21/20 tokens
"
"2","Warning in query_api(api_url, api_query_parameters, method = method) :"
"2","
 "
"2"," Unprocessable Entity (WebDAV; RFC 4918) (HTTP 422).
"
"2","Error: Query too long - 22/20 tokens
"
"2","Warning in query_api(api_url, api_query_parameters, method = method) :"
"2","
 "
"2"," Not Found (HTTP 404).
"
"2","Error: Not Found
"
"2","Warning in query_api(api_url, api_query_parameters, method = method) :"
"2","
 "
"2"," Unprocessable Entity (WebDAV; RFC 4918) (HTTP 422).
"
"2","Error: Query too long - 22/20 tokens
"
"2","Warning in query_api(api_url, api_query_parameters, method = method) :"
"2","
 "
"2"," Not Found (HTTP 404).
"
"2","Error: Not Found
"
"2","Warning in query_api(api_url, api_query_parameters, method = method) :"
"2","
 "
"2"," Unprocessable Entity (WebDAV; RFC 4918) (HTTP 422).
"
"2","Error: Query too long - 21/20 tokens
"
"2","Warning in query_api(api_url, api_query_parameters, method = method) :"
"2","
 "
"2"," Not Found (HTTP 404).
"
"2","Error: Not Found
"
"2","Warning in query_api(api_url, api_query_parameters, method = method) :"
"2","
 "
"2"," Not Found (HTTP 404).
"
"2","Error: Not Found
"
"2","Warning in query_api(api_url, api_query_parameters, method = method) :"
"2","
 "
"2"," Not Found (HTTP 404).
"
"2","Error: Not Found
"
"2","Warning in query_api(api_url, api_query_parameters, method = method) :"
"2","
 "
"2"," Unprocessable Entity (WebDAV; RFC 4918) (HTTP 422).
"
"2","Error: Query too long - 21/20 tokens
"
"2","Warning in query_api(api_url, api_query_parameters, method = method) :"
"2","
 "
"2"," Unprocessable Entity (WebDAV; RFC 4918) (HTTP 422).
"
"2","Error: Query too long - 23/20 tokens
"
"2","Warning in query_api(api_url, api_query_parameters, method = method) :"
"2","
 "
"2"," Unprocessable Entity (WebDAV; RFC 4918) (HTTP 422).
"
"2","Error: Query too long - 22/20 tokens
"
"2","Warning in query_api(api_url, api_query_parameters, method = method) :"
"2","
 "
"2"," Not Found (HTTP 404).
"
"2","Error: Not Found
"
"2","Warning in query_api(api_url, api_query_parameters, method = method) :"
"2","
 "
"2"," Not Found (HTTP 404).
"
"2","Error: Not Found
"
"2","Warning in query_api(api_url, api_query_parameters, method = method) :"
"2","
 "
"2"," Unprocessable Entity (WebDAV; RFC 4918) (HTTP 422).
"
"2","Error: Query too long - 21/20 tokens
"
"2","Warning in query_api(api_url, api_query_parameters, method = method) :"
"2","
 "
"2"," Unprocessable Entity (WebDAV; RFC 4918) (HTTP 422).
"
"2","Error: Query too long - 22/20 tokens
"
"2","Warning in query_api(api_url, api_query_parameters, method = method) :"
"2","
 "
"2"," Unprocessable Entity (WebDAV; RFC 4918) (HTTP 422).
"
"2","Error: Query too long - 23/20 tokens
"
"2","Warning in query_api(api_url, api_query_parameters, method = method) :"
"2","
 "
"2"," Unprocessable Entity (WebDAV; RFC 4918) (HTTP 422).
"
"2","Error: Query too long - 28/20 tokens
"
"2","Warning in query_api(api_url, api_query_parameters, method = method) :"
"2","
 "
"2"," Not Found (HTTP 404).
"
"2","Error: Not Found
"
"2","Warning in query_api(api_url, api_query_parameters, method = method) :"
"2","
 "
"2"," Unprocessable Entity (WebDAV; RFC 4918) (HTTP 422).
"
"2","Error: Query too long - 21/20 tokens
"
"2","Warning in query_api(api_url, api_query_parameters, method = method) :"
"2","
 "
"2"," Unprocessable Entity (WebDAV; RFC 4918) (HTTP 422).
"
"2","Error: Query too long - 21/20 tokens
"
"2","Warning in query_api(api_url, api_query_parameters, method = method) :"
"2","
 "
"2"," Unprocessable Entity (WebDAV; RFC 4918) (HTTP 422).
"
"2","Error: Query too long - 22/20 tokens
"
"2","Warning in query_api(api_url, api_query_parameters, method = method) :"
"2","
 "
"2"," Not Found (HTTP 404).
"
"2","Error: Not Found
"
"2","Warning in query_api(api_url, api_query_parameters, method = method) :"
"2","
 "
"2"," Unprocessable Entity (WebDAV; RFC 4918) (HTTP 422).
"
"2","Error: Query too long - 21/20 tokens
"
"2","Warning in query_api(api_url, api_query_parameters, method = method) :"
"2","
 "
"2"," Not Found (HTTP 404).
"
"2","Error: Not Found
"
"2","Warning in query_api(api_url, api_query_parameters, method = method) :"
"2","
 "
"2"," Unprocessable Entity (WebDAV; RFC 4918) (HTTP 422).
"
"2","Error: Query too long - 26/20 tokens
"
"2","Warning in query_api(api_url, api_query_parameters, method = method) :"
"2","
 "
"2"," Not Found (HTTP 404).
"
"2","Error: Not Found
"
"2","Warning in query_api(api_url, api_query_parameters, method = method) :"
"2","
 "
"2"," Unprocessable Entity (WebDAV; RFC 4918) (HTTP 422).
"
"2","Error: Query too long - 21/20 tokens
"
"2","Warning in query_api(api_url, api_query_parameters, method = method) :"
"2","
 "
"2"," Unprocessable Entity (WebDAV; RFC 4918) (HTTP 422).
"
"2","Error: Query too long - 21/20 tokens
"
"2","Warning in query_api(api_url, api_query_parameters, method = method) :"
"2","
 "
"2"," Unprocessable Entity (WebDAV; RFC 4918) (HTTP 422).
"
"2","Error: Query too long - 23/20 tokens
"
"2","Warning in query_api(api_url, api_query_parameters, method = method) :"
"2","
 "
"2"," Unprocessable Entity (WebDAV; RFC 4918) (HTTP 422).
"
"2","Error: Query too long - 22/20 tokens
"
"2","Warning in query_api(api_url, api_query_parameters, method = method) :"
"2","
 "
"2"," Unprocessable Entity (WebDAV; RFC 4918) (HTTP 422).
"
"2","Error: Query too long - 24/20 tokens
"
"2","Warning in query_api(api_url, api_query_parameters, method = method) :"
"2","
 "
"2"," Not Found (HTTP 404).
"
"2","Error: Not Found
"
"2","Warning in query_api(api_url, api_query_parameters, method = method) :"
"2","
 "
"2"," Not Found (HTTP 404).
"
"2","Error: Not Found
"
"2","Warning in query_api(api_url, api_query_parameters, method = method) :"
"2","
 "
"2"," Not Found (HTTP 404).
"
"2","Error: Not Found
"
"2","Warning in query_api(api_url, api_query_parameters, method = method) :"
"2","
 "
"2"," Not Found (HTTP 404).
"
"2","Error: Not Found
"
"2","Warning in query_api(api_url, api_query_parameters, method = method) :"
"2","
 "
"2"," Unprocessable Entity (WebDAV; RFC 4918) (HTTP 422).
"
"2","Error: Query too long - 25/20 tokens
"
"2","Warning in query_api(api_url, api_query_parameters, method = method) :"
"2","
 "
"2"," Not Found (HTTP 404).
"
"2","Error: Not Found
"
"2","Warning in query_api(api_url, api_query_parameters, method = method) :"
"2","
 "
"2"," Unprocessable Entity (WebDAV; RFC 4918) (HTTP 422).
"
"2","Error: Query too long - 21/20 tokens
"
"2","Warning in query_api(api_url, api_query_parameters, method = method) :"
"2","
 "
"2"," Unprocessable Entity (WebDAV; RFC 4918) (HTTP 422).
"
"2","Error: Query too long - 23/20 tokens
"
"2","Warning in query_api(api_url, api_query_parameters, method = method) :"
"2","
 "
"2"," Unprocessable Entity (WebDAV; RFC 4918) (HTTP 422).
"
"2","Error: Query too long - 25/20 tokens
"
"2","Warning in query_api(api_url, api_query_parameters, method = method) :"
"2","
 "
"2"," Unprocessable Entity (WebDAV; RFC 4918) (HTTP 422).
"
"2","Error: Query too long - 21/20 tokens
"
"2","Warning in query_api(api_url, api_query_parameters, method = method) :"
"2","
 "
"2"," Not Found (HTTP 404).
"
"2","Error: Not Found
"
"2","Warning in query_api(api_url, api_query_parameters, method = method) :"
"2","
 "
"2"," Unprocessable Entity (WebDAV; RFC 4918) (HTTP 422).
"
"2","Error: Query too long - 21/20 tokens
"
"2","Warning in query_api(api_url, api_query_parameters, method = method) :"
"2","
 "
"2"," Unprocessable Entity (WebDAV; RFC 4918) (HTTP 422).
"
"2","Error: Query too long - 22/20 tokens
"
"2","Warning in query_api(api_url, api_query_parameters, method = method) :"
"2","
 "
"2"," Unprocessable Entity (WebDAV; RFC 4918) (HTTP 422).
"
"2","Error: Query too long - 23/20 tokens
"
"2","Warning in query_api(api_url, api_query_parameters, method = method) :"
"2","
 "
"2"," Unprocessable Entity (WebDAV; RFC 4918) (HTTP 422).
"
"2","Error: Query too long - 21/20 tokens
"
"2","Warning in query_api(api_url, api_query_parameters, method = method) :"
"2","
 "
"2"," Unprocessable Entity (WebDAV; RFC 4918) (HTTP 422).
"
"2","Error: Query too long - 25/20 tokens
"
"2","Warning in query_api(api_url, api_query_parameters, method = method) :"
"2","
 "
"2"," Unprocessable Entity (WebDAV; RFC 4918) (HTTP 422).
"
"2","Error: Query too long - 25/20 tokens
"
"2","Warning in query_api(api_url, api_query_parameters, method = method) :"
"2","
 "
"2"," Unprocessable Entity (WebDAV; RFC 4918) (HTTP 422).
"
"2","Error: Query too long - 21/20 tokens
"
"2","Warning in query_api(api_url, api_query_parameters, method = method) :"
"2","
 "
"2"," Unprocessable Entity (WebDAV; RFC 4918) (HTTP 422).
"
"2","Error: Query too long - 24/20 tokens
"
"2","Warning in query_api(api_url, api_query_parameters, method = method) :"
"2","
 "
"2"," Unprocessable Entity (WebDAV; RFC 4918) (HTTP 422).
"
"2","Error: Query too long - 31/20 tokens
"
"2","Warning in query_api(api_url, api_query_parameters, method = method) :"
"2","
 "
"2"," Not Found (HTTP 404).
"
"2","Error: Not Found
"
"2","Warning in query_api(api_url, api_query_parameters, method = method) :"
"2","
 "
"2"," Not Found (HTTP 404).
"
"2","Error: Not Found
"
"2","Warning in query_api(api_url, api_query_parameters, method = method) :"
"2","
 "
"2"," Unprocessable Entity (WebDAV; RFC 4918) (HTTP 422).
"
"2","Error: Query too long - 23/20 tokens
"
"2","Warning in query_api(api_url, api_query_parameters, method = method) :"
"2","
 "
"2"," Unprocessable Entity (WebDAV; RFC 4918) (HTTP 422).
"
"2","Error: Query too long - 26/20 tokens
"
"2","Warning in query_api(api_url, api_query_parameters, method = method) :"
"2","
 "
"2"," Not Found (HTTP 404).
"
"2","Error: Not Found
"
"2","Warning in query_api(api_url, api_query_parameters, method = method) :"
"2","
 "
"2"," Not Found (HTTP 404).
"
"2","Error: Not Found
"
"2","Warning in query_api(api_url, api_query_parameters, method = method) :"
"2","
 "
"2"," Not Found (HTTP 404).
"
"2","Error: Not Found
"
"2","Warning in query_api(api_url, api_query_parameters, method = method) :"
"2","
 "
"2"," Unprocessable Entity (WebDAV; RFC 4918) (HTTP 422).
"
"2","Error: Query too long - 21/20 tokens
"
"2","Warning in query_api(api_url, api_query_parameters, method = method) :"
"2","
 "
"2"," Unprocessable Entity (WebDAV; RFC 4918) (HTTP 422).
"
"2","Error: Query too long - 21/20 tokens
"
"2","Warning in query_api(api_url, api_query_parameters, method = method) :"
"2","
 "
"2"," Unprocessable Entity (WebDAV; RFC 4918) (HTTP 422).
"
"2","Error: Query too long - 21/20 tokens
"
"2","Warning in query_api(api_url, api_query_parameters, method = method) :"
"2","
 "
"2"," Unprocessable Entity (WebDAV; RFC 4918) (HTTP 422).
"
"2","Error: Query too long - 23/20 tokens
"
"2","Warning in query_api(api_url, api_query_parameters, method = method) :"
"2","
 "
"2"," Unprocessable Entity (WebDAV; RFC 4918) (HTTP 422).
"
"2","Error: Query too long - 25/20 tokens
"
"2","Warning in query_api(api_url, api_query_parameters, method = method) :"
"2","
 "
"2"," Unprocessable Entity (WebDAV; RFC 4918) (HTTP 422).
"
"2","Error: Query too long - 23/20 tokens
"
"2","Warning in query_api(api_url, api_query_parameters, method = method) :"
"2","
 "
"2"," Unprocessable Entity (WebDAV; RFC 4918) (HTTP 422).
"
"2","Error: Query too long - 25/20 tokens
"
"2","Warning in query_api(api_url, api_query_parameters, method = method) :"
"2","
 "
"2"," Not Found (HTTP 404).
"
"2","Error: Not Found
"
"2","Warning in query_api(api_url, api_query_parameters, method = method) :"
"2","
 "
"2"," Not Found (HTTP 404).
"
"2","Error: Not Found
"
"2","Warning in query_api(api_url, api_query_parameters, method = method) :"
"2","
 "
"2"," Unprocessable Entity (WebDAV; RFC 4918) (HTTP 422).
"
"2","Error: Query too long - 24/20 tokens
"
"2","Warning in query_api(api_url, api_query_parameters, method = method) :"
"2","
 "
"2"," Unprocessable Entity (WebDAV; RFC 4918) (HTTP 422).
"
"2","Error: Query too long - 24/20 tokens
"
"2","Warning in query_api(api_url, api_query_parameters, method = method) :"
"2","
 "
"2"," Unprocessable Entity (WebDAV; RFC 4918) (HTTP 422).
"
"2","Error: Query too long - 25/20 tokens
"
"2","Warning in query_api(api_url, api_query_parameters, method = method) :"
"2","
 "
"2"," Unprocessable Entity (WebDAV; RFC 4918) (HTTP 422).
"
"2","Error: Query too long - 24/20 tokens
"
"2","Warning in query_api(api_url, api_query_parameters, method = method) :"
"2","
 "
"2"," Unprocessable Entity (WebDAV; RFC 4918) (HTTP 422).
"
"2","Error: Query too long - 21/20 tokens
"
"2","Warning in query_api(api_url, api_query_parameters, method = method) :"
"2","
 "
"2"," Not Found (HTTP 404).
"
"2","Error: Not Found
"
"2","Warning in query_api(api_url, api_query_parameters, method = method) :"
"2","
 "
"2"," Not Found (HTTP 404).
"
"2","Error: Not Found
"
"2","Warning in query_api(api_url, api_query_parameters, method = method) :"
"2","
 "
"2"," Unprocessable Entity (WebDAV; RFC 4918) (HTTP 422).
"
"2","Error: Query too long - 24/20 tokens
"
"2","Warning in query_api(api_url, api_query_parameters, method = method) :"
"2","
 "
"2"," Unprocessable Entity (WebDAV; RFC 4918) (HTTP 422).
"
"2","Error: Query too long - 22/20 tokens
"
"2","Warning in query_api(api_url, api_query_parameters, method = method) :"
"2","
 "
"2"," Unprocessable Entity (WebDAV; RFC 4918) (HTTP 422).
"
"2","Error: Query too long - 22/20 tokens
"
"2","Warning in query_api(api_url, api_query_parameters, method = method) :"
"2","
 "
"2"," Not Found (HTTP 404).
"
"2","Error: Not Found
"
"2","Warning in query_api(api_url, api_query_parameters, method = method) :"
"2","
 "
"2"," Unprocessable Entity (WebDAV; RFC 4918) (HTTP 422).
"
"2","Error: Query too long - 24/20 tokens
"
"2","Warning in query_api(api_url, api_query_parameters, method = method) :"
"2","
 "
"2"," Unprocessable Entity (WebDAV; RFC 4918) (HTTP 422).
"
"2","Error: Query too long - 21/20 tokens
"
"2","Warning in query_api(api_url, api_query_parameters, method = method) :"
"2","
 "
"2"," Not Found (HTTP 404).
"
"2","Error: Not Found
"
"2","Warning in query_api(api_url, api_query_parameters, method = method) :"
"2","
 "
"2"," Unprocessable Entity (WebDAV; RFC 4918) (HTTP 422).
"
"2","Error: Query too long - 21/20 tokens
"
"2","Warning in query_api(api_url, api_query_parameters, method = method) :"
"2","
 "
"2"," Unprocessable Entity (WebDAV; RFC 4918) (HTTP 422).
"
"2","Error: Query too long - 26/20 tokens
"
"2","Warning in query_api(api_url, api_query_parameters, method = method) :"
"2","
 "
"2"," Unprocessable Entity (WebDAV; RFC 4918) (HTTP 422).
"
"2","Error: Query too long - 23/20 tokens
"
"2","Warning in query_api(api_url, api_query_parameters, method = method) :"
"2","
 "
"2"," Unprocessable Entity (WebDAV; RFC 4918) (HTTP 422).
"
"2","Error: Query too long - 24/20 tokens
"
"2","Warning in query_api(api_url, api_query_parameters, method = method) :"
"2","
 "
"2"," Unprocessable Entity (WebDAV; RFC 4918) (HTTP 422).
"
"2","Error: Query too long - 25/20 tokens
"
"2","Warning in query_api(api_url, api_query_parameters, method = method) :"
"2","
 "
"2"," Unprocessable Entity (WebDAV; RFC 4918) (HTTP 422).
"
"2","Error: Query too long - 21/20 tokens
"
"2","Warning in query_api(api_url, api_query_parameters, method = method) :"
"2","
 "
"2"," Unprocessable Entity (WebDAV; RFC 4918) (HTTP 422).
"
"2","Error: Query too long - 21/20 tokens
"
"2","Warning in query_api(api_url, api_query_parameters, method = method) :"
"2","
 "
"2"," Unprocessable Entity (WebDAV; RFC 4918) (HTTP 422).
"
"2","Error: Query too long - 23/20 tokens
"
"2","Warning in query_api(api_url, api_query_parameters, method = method) :"
"2","
 "
"2"," Not Found (HTTP 404).
"
"2","Error: Not Found
"
"2","Warning in query_api(api_url, api_query_parameters, method = method) :"
"2","
 "
"2"," Unprocessable Entity (WebDAV; RFC 4918) (HTTP 422).
"
"2","Error: Query too long - 24/20 tokens
"
"2","Warning in query_api(api_url, api_query_parameters, method = method) :"
"2","
 "
"2"," Not Found (HTTP 404).
"
"2","Error: Not Found
"
"2","Warning in query_api(api_url, api_query_parameters, method = method) :"
"2","
 "
"2"," Unprocessable Entity (WebDAV; RFC 4918) (HTTP 422).
"
"2","Error: Query too long - 21/20 tokens
"
"2","Warning in query_api(api_url, api_query_parameters, method = method) :"
"2","
 "
"2"," Unprocessable Entity (WebDAV; RFC 4918) (HTTP 422).
"
"2","Error: Query too long - 25/20 tokens
"
"2","Warning in query_api(api_url, api_query_parameters, method = method) :"
"2","
 "
"2"," Not Found (HTTP 404).
"
"2","Error: Not Found
"
"2","Warning in query_api(api_url, api_query_parameters, method = method) :"
"2","
 "
"2"," Not Found (HTTP 404).
"
"2","Error: Not Found
"
"2","Warning in query_api(api_url, api_query_parameters, method = method) :"
"2","
 "
"2"," Not Found (HTTP 404).
"
"2","Error: Not Found
"
"2","Warning in query_api(api_url, api_query_parameters, method = method) :"
"2","
 "
"2"," Unprocessable Entity (WebDAV; RFC 4918) (HTTP 422).
"
"2","Error: Query too long - 27/20 tokens
"
"2","Warning in query_api(api_url, api_query_parameters, method = method) :"
"2","
 "
"2"," Not Found (HTTP 404).
"
"2","Error: Not Found
"
"2","Warning in query_api(api_url, api_query_parameters, method = method) :"
"2","
 "
"2"," Not Found (HTTP 404).
"
"2","Error: Not Found
"
"2","Warning in query_api(api_url, api_query_parameters, method = method) :"
"2","
 "
"2"," Unprocessable Entity (WebDAV; RFC 4918) (HTTP 422).
"
"2","Error: Query too long - 21/20 tokens
"
"2","Warning in query_api(api_url, api_query_parameters, method = method) :"
"2","
 "
"2"," Unprocessable Entity (WebDAV; RFC 4918) (HTTP 422).
"
"2","Error: Query too long - 24/20 tokens
"
"2","Warning in query_api(api_url, api_query_parameters, method = method) :"
"2","
 "
"2"," Not Found (HTTP 404).
"
"2","Error: Not Found
"
"2","Warning in query_api(api_url, api_query_parameters, method = method) :"
"2","
 "
"2"," Not Found (HTTP 404).
"
"2","Error: Not Found
"
"2","Warning in query_api(api_url, api_query_parameters, method = method) :"
"2","
 "
"2"," Not Found (HTTP 404).
"
"2","Error: Not Found
"
"2","Warning in query_api(api_url, api_query_parameters, method = method) :"
"2","
 "
"2"," Unprocessable Entity (WebDAV; RFC 4918) (HTTP 422).
"
"2","Error: Query too long - 22/20 tokens
"
"2","Warning in query_api(api_url, api_query_parameters, method = method) :"
"2","
 "
"2"," Not Found (HTTP 404).
"
"2","Error: Not Found
"
"2","Warning in query_api(api_url, api_query_parameters, method = method) :"
"2","
 "
"2"," Unprocessable Entity (WebDAV; RFC 4918) (HTTP 422).
"
"2","Error: Query too long - 22/20 tokens
"
"2","Warning in query_api(api_url, api_query_parameters, method = method) :"
"2","
 "
"2"," Unprocessable Entity (WebDAV; RFC 4918) (HTTP 422).
"
"2","Error: Query too long - 21/20 tokens
"
"2","Warning in query_api(api_url, api_query_parameters, method = method) :"
"2","
 "
"2"," Not Found (HTTP 404).
"
"2","Error: Not Found
"
"2","Warning in query_api(api_url, api_query_parameters, method = method) :"
"2","
 "
"2"," Unprocessable Entity (WebDAV; RFC 4918) (HTTP 422).
"
"2","Error: Query too long - 22/20 tokens
"
"2","Warning in query_api(api_url, api_query_parameters, method = method) :"
"2","
 "
"2"," Unprocessable Entity (WebDAV; RFC 4918) (HTTP 422).
"
"2","Error: Query too long - 24/20 tokens
"
"2","Warning in query_api(api_url, api_query_parameters, method = method) :"
"2","
 "
"2"," Not Found (HTTP 404).
"
"2","Error: Not Found
"
"2","Warning in query_api(api_url, api_query_parameters, method = method) :"
"2","
 "
"2"," Unprocessable Entity (WebDAV; RFC 4918) (HTTP 422).
"
"2","Error: Query too long - 24/20 tokens
"
"2","Warning in query_api(api_url, api_query_parameters, method = method) :"
"2","
 "
"2"," Unprocessable Entity (WebDAV; RFC 4918) (HTTP 422).
"
"2","Error: Query too long - 22/20 tokens
"
"2","Warning in query_api(api_url, api_query_parameters, method = method) :"
"2","
 "
"2"," Unprocessable Entity (WebDAV; RFC 4918) (HTTP 422).
"
"2","Error: Query too long - 21/20 tokens
"
"2","Query completed in: 5876.1 seconds
"
